                  epoch,         train/box_loss,         train/cls_loss,         train/dfl_loss,   metrics/precision(B),      metrics/recall(B),       metrics/mAP50(B),    metrics/mAP50-95(B),           val/box_loss,           val/cls_loss,           val/dfl_loss,                 lr/pg0,                 lr/pg1,                 lr/pg2
                      1,                0.58449,                0.34396,                0.81602,                0.98443,                0.93586,                0.97909,                0.81684,                0.55458,                0.29184,                0.78206,             0.00066644,             0.00066644,             0.00066644
                      2,                0.42472,                0.24457,                0.78931,                 0.9742,                0.95333,                0.98473,                0.86903,                0.44232,                0.25442,                0.77217,              0.0010692,              0.0010692,              0.0010692
                      3,                0.36312,                0.21305,                0.78243,                0.98055,                0.93847,                0.98212,                0.90056,                0.34956,                0.21314,                0.76746,              0.0012079,              0.0012079,              0.0012079
                      4,                0.32035,                0.18845,                0.77774,                0.98702,                0.94725,                0.98425,                0.89835,                0.36013,                0.20169,                0.76503,               0.000812,               0.000812,               0.000812
                      5,                0.27901,                0.16451,                0.77428,                0.98724,                 0.9509,                0.98448,                0.92356,                0.28607,                0.16842,                0.76276,               0.000416,               0.000416,               0.000416
