                  epoch,         train/box_loss,         train/cls_loss,         train/dfl_loss,   metrics/precision(B),      metrics/recall(B),       metrics/mAP50(B),    metrics/mAP50-95(B),           val/box_loss,           val/cls_loss,           val/dfl_loss,                 lr/pg0,                 lr/pg1,                 lr/pg2
                      1,                0.52688,                 0.3644,                0.96046,                0.99628,                0.99818,                0.99487,                0.91259,                0.44439,                0.25225,                0.81155,             0.00041653,             0.00041653,             0.00041653
                      2,                0.39345,                0.24945,                0.89727,                0.99998,                0.99996,                  0.995,                0.96015,                0.31558,                0.18631,                0.79465,             0.00066822,             0.00066822,             0.00066822
                      3,                0.32438,                0.20973,                0.87076,                0.99999,                0.99995,                  0.995,                0.96567,                0.31353,                0.17527,                0.78563,             0.00075492,             0.00075492,             0.00075492
                      4,                0.27686,                 0.1815,                 0.8524,                0.99998,                0.99997,                  0.995,                0.97694,                0.28321,                0.15442,                0.77782,              0.0005075,              0.0005075,              0.0005075
                      5,                0.22979,                0.15415,                0.83815,                0.99717,                0.99959,                0.99499,                0.95506,                0.32184,                0.16403,                0.79254,                0.00026,                0.00026,                0.00026
