                  epoch,         train/box_loss,         train/cls_loss,         train/dfl_loss,   metrics/precision(B),      metrics/recall(B),       metrics/mAP50(B),    metrics/mAP50-95(B),           val/box_loss,           val/cls_loss,           val/dfl_loss,                 lr/pg0,                 lr/pg1,                 lr/pg2
                      1,                0.57716,                0.37898,                0.89307,                0.99394,                0.98269,                0.99459,                0.84107,                 0.6096,                0.33031,                0.82871,             0.00066644,             0.00066644,             0.00066644
                      2,                0.43363,                 0.2752,                0.83879,                0.99862,                0.99048,                0.99499,                0.91155,                0.40265,                0.25293,                0.78532,              0.0010692,              0.0010692,              0.0010692
                      3,                  0.364,                0.23379,                0.81604,                0.99875,                0.99116,                0.99499,                0.93123,                0.34977,                0.22145,                0.77599,              0.0012079,              0.0012079,              0.0012079
                      4,                0.31465,                0.20109,                0.80336,                0.99934,                0.99488,                0.99499,                0.95489,                 0.2688,                0.19069,                0.76717,               0.000812,               0.000812,               0.000812
                      5,                0.26596,                0.16881,                0.79202,                0.99945,                0.99668,                  0.995,                0.97108,                0.22011,                0.15982,                0.75971,               0.000416,               0.000416,               0.000416
