                  epoch,         train/box_loss,         train/cls_loss,         train/dfl_loss,   metrics/precision(B),      metrics/recall(B),       metrics/mAP50(B),    metrics/mAP50-95(B),           val/box_loss,           val/cls_loss,           val/dfl_loss,                 lr/pg0,                 lr/pg1,                 lr/pg2
                      1,                0.67685,                 0.3953,                 0.8331,                0.98654,                0.88973,                0.93778,                0.74885,                0.63685,                0.33004,                0.79577,             0.00066644,             0.00066644,             0.00066644
                      2,                0.50683,                0.29285,                0.80155,                0.99366,                0.89526,                0.94802,                0.78474,                0.52749,                0.28119,                0.78093,              0.0010692,              0.0010692,              0.0010692
                      3,                0.42866,                0.25384,                0.79112,                0.99529,                0.91066,                0.95817,                0.82919,                0.40829,                0.23185,                0.77232,              0.0012079,              0.0012079,              0.0012079
                      4,                 0.3716,                0.22142,                0.78428,                0.98165,                0.92475,                0.96069,                 0.8543,                0.36759,                0.20497,                0.76868,               0.000812,               0.000812,               0.000812
                      5,                0.32738,                0.19429,                0.77937,                 0.9889,                0.92465,                0.96251,                0.86915,                0.34049,                0.19252,                0.76625,               0.000416,               0.000416,               0.000416
