                  epoch,         train/box_loss,         train/cls_loss,         train/dfl_loss,   metrics/precision(B),      metrics/recall(B),       metrics/mAP50(B),    metrics/mAP50-95(B),           val/box_loss,           val/cls_loss,           val/dfl_loss,                 lr/pg0,                 lr/pg1,                 lr/pg2
                      1,                0.70887,                0.41523,                0.83844,                0.98408,                0.87413,                0.93341,                0.74358,                 0.6663,                0.34132,                0.80185,             0.00066644,             0.00066644,             0.00066644
                      2,                0.53583,                0.30824,                0.80444,                0.98859,                0.90243,                0.95113,                0.80468,                0.49235,                0.27633,                0.78274,              0.0010692,              0.0010692,              0.0010692
                      3,                0.45435,                0.26698,                0.79379,                0.98149,                0.91482,                 0.9538,                0.83099,                0.42844,                0.25081,                0.77453,              0.0012079,              0.0012079,              0.0012079
                      4,                0.39643,                0.23437,                0.78659,                0.99131,                0.91356,                 0.9576,                0.83999,                0.43174,                0.23201,                0.77332,               0.000812,               0.000812,               0.000812
                      5,                 0.3511,                0.20764,                 0.7817,                0.99418,                0.91299,                0.95326,                0.84083,                 0.4017,                0.21327,                0.77038,               0.000416,               0.000416,               0.000416
